forumquestion,ronanswers
,[<GET https://www.manhattanprep.com/gmat/forums/read-before-you-post-gmatprep-verbal-guidelines-t2720-15.html>]
,
,"[<GET https://www.manhattanprep.com/gmat/forums/unlike-using-spices-for-cooking-in-medicinal-usage-t1062-15.html>, <GET https://www.manhattanprep.com/gmat/forums/unlike-using-spices-for-cooking-in-medicinal-usage-t1062-30.html>]"
,
,[<GET https://www.manhattanprep.com/gmat/forums/although-beavers-can-still-be-found-throughout-the-t15923-15.html>]
,"[<GET https://www.manhattanprep.com/gmat/forums/it-is-unclear-whether-chimpanzees-are-unique-among-nonhuman-t31820-15.html>, <GET https://www.manhattanprep.com/gmat/forums/it-is-unclear-whether-chimpanzees-are-unique-among-nonhuman-t31820-30.html>, <GET https://www.manhattanprep.com/gmat/forums/it-is-unclear-whether-chimpanzees-are-unique-among-nonhuman-t31820-45.html>]"
,"[<GET https://www.manhattanprep.com/gmat/forums/very-overweight-people-t10757-15.html>, <GET https://www.manhattanprep.com/gmat/forums/very-overweight-people-t10757-30.html>]"
,
,"[<GET https://www.manhattanprep.com/gmat/forums/most-of-the-purported-health-benefits-of-tea-t2558-15.html>, <GET https://www.manhattanprep.com/gmat/forums/most-of-the-purported-health-benefits-of-tea-t2558-30.html>]"
,[<GET https://www.manhattanprep.com/gmat/forums/according-to-the-tristate-transportation-authority-making-t6915-15.html>]
,"[<GET https://www.manhattanprep.com/gmat/forums/pronoun-issues-t10114-15.html>, <GET https://www.manhattanprep.com/gmat/forums/pronoun-issues-t10114-30.html>]"
,"[<GET https://www.manhattanprep.com/gmat/forums/gmat-prep-verbal-sentence-correction-t30318-15.html>, <GET https://www.manhattanprep.com/gmat/forums/gmat-prep-verbal-sentence-correction-t30318-30.html>]"
,"[<GET https://www.manhattanprep.com/gmat/forums/gmat-prep-verbal-sentence-correction-t11179-15.html>, <GET https://www.manhattanprep.com/gmat/forums/gmat-prep-verbal-sentence-correction-t11179-30.html>]"
,"[<GET https://www.manhattanprep.com/gmat/forums/general-availability-of-high-quality-electronic-scanners-t8440-15.html>, <GET https://www.manhattanprep.com/gmat/forums/general-availability-of-high-quality-electronic-scanners-t8440-30.html>]"
,[<GET https://www.manhattanprep.com/gmat/forums/gmatprep-cr-archaeologists-in-michigan-t4405-15.html>]
,"[<GET https://www.manhattanprep.com/gmat/forums/gmatprep-question-need-help-t1864-15.html>, <GET https://www.manhattanprep.com/gmat/forums/gmatprep-question-need-help-t1864-30.html>, <GET https://www.manhattanprep.com/gmat/forums/gmatprep-question-need-help-t1864-45.html>]"
,[<GET https://www.manhattanprep.com/gmat/forums/a-prep-sc-question-single-locusts-are-quiet-creatures-t30524-15.html>]
,[<GET https://www.manhattanprep.com/gmat/forums/in-kravonia-the-average-salary-for-jobs-requiring-a-college-t10813-15.html>]
,
,"[<GET https://www.manhattanprep.com/gmat/forums/sc-despite-the-growing-number-t6715-15.html>, <GET https://www.manhattanprep.com/gmat/forums/sc-despite-the-growing-number-t6715-30.html>, <GET https://www.manhattanprep.com/gmat/forums/sc-despite-the-growing-number-t6715-45.html>, <GET https://www.manhattanprep.com/gmat/forums/sc-despite-the-growing-number-t6715-60.html>, <GET https://www.manhattanprep.com/gmat/forums/sc-despite-the-growing-number-t6715-90.html>]"
,"[<GET https://www.manhattanprep.com/gmat/forums/cr-technological-improvements-and-reduced-equipment-costs-t7885-15.html>, <GET https://www.manhattanprep.com/gmat/forums/cr-technological-improvements-and-reduced-equipment-costs-t7885-30.html>, <GET https://www.manhattanprep.com/gmat/forums/cr-technological-improvements-and-reduced-equipment-costs-t7885-45.html>]"
,[<GET https://www.manhattanprep.com/gmat/forums/why-d-is-wrong-t23396-15.html>]
,"[<GET https://www.manhattanprep.com/gmat/forums/gmat-prep-she-was-less-successful-after-t9832-15.html>, <GET https://www.manhattanprep.com/gmat/forums/gmat-prep-she-was-less-successful-after-t9832-30.html>, <GET https://www.manhattanprep.com/gmat/forums/gmat-prep-she-was-less-successful-after-t9832-45.html>]"
,
,
,"[<GET https://www.manhattanprep.com/gmat/forums/simply-because-they-are-genetically-engineered-does-not-make-t641-15.html>, <GET https://www.manhattanprep.com/gmat/forums/simply-because-they-are-genetically-engineered-does-not-make-t641-30.html>, <GET https://www.manhattanprep.com/gmat/forums/simply-because-they-are-genetically-engineered-does-not-make-t641-45.html>]"
,"[<GET https://www.manhattanprep.com/gmat/forums/the-environmental-protection-agency-frequently-puts-t2469-15.html>, <GET https://www.manhattanprep.com/gmat/forums/the-environmental-protection-agency-frequently-puts-t2469-30.html>, <GET https://www.manhattanprep.com/gmat/forums/the-environmental-protection-agency-frequently-puts-t2469-45.html>]"
,"[<GET https://www.manhattanprep.com/gmat/forums/the-proliferation-of-so-called-cybersquatters-people-who-re-t1902-15.html>, <GET https://www.manhattanprep.com/gmat/forums/the-proliferation-of-so-called-cybersquatters-people-who-re-t1902-30.html>, <GET https://www.manhattanprep.com/gmat/forums/the-proliferation-of-so-called-cybersquatters-people-who-re-t1902-45.html>]"
,"[<GET https://www.manhattanprep.com/gmat/forums/on-account-of-a-law-passed-in-1993-making-it-a-crime-punish-t3096-15.html>, <GET https://www.manhattanprep.com/gmat/forums/on-account-of-a-law-passed-in-1993-making-it-a-crime-punish-t3096-30.html>, <GET https://www.manhattanprep.com/gmat/forums/on-account-of-a-law-passed-in-1993-making-it-a-crime-punish-t3096-45.html>, <GET https://www.manhattanprep.com/gmat/forums/on-account-of-a-law-passed-in-1993-making-it-a-crime-punish-t3096-60.html>, <GET https://www.manhattanprep.com/gmat/forums/on-account-of-a-law-passed-in-1993-making-it-a-crime-punish-t3096-135.html>]"
,[<GET https://www.manhattanprep.com/gmat/forums/india-like-italy-and-china-has-no-single-dominant-cuisine-t30679-15.html>]
,"[<GET https://www.manhattanprep.com/gmat/forums/fraternal-twins-t5900-15.html>, <GET https://www.manhattanprep.com/gmat/forums/fraternal-twins-t5900-30.html>, <GET https://www.manhattanprep.com/gmat/forums/fraternal-twins-t5900-45.html>, <GET https://www.manhattanprep.com/gmat/forums/fraternal-twins-t5900-60.html>, <GET https://www.manhattanprep.com/gmat/forums/fraternal-twins-t5900-75.html>]"
,
,"[<GET https://www.manhattanprep.com/gmat/forums/stock-levels-for-domestic-crude-oil-are-far-lower-t2141-15.html>, <GET https://www.manhattanprep.com/gmat/forums/stock-levels-for-domestic-crude-oil-are-far-lower-t2141-30.html>]"
,
,[<GET https://www.manhattanprep.com/gmat/forums/so-that-such-that-so-as-to-t13833-15.html>]
,
,
,"[<GET https://www.manhattanprep.com/gmat/forums/in-the-major-cities-of-industrialized-countries-at-the-end-t1153-15.html>, <GET https://www.manhattanprep.com/gmat/forums/in-the-major-cities-of-industrialized-countries-at-the-end-t1153-30.html>]"
,[<GET https://www.manhattanprep.com/gmat/forums/reading-the-general-density-dependence-model-can-be-t2215-15.html>]
,
,
,[<GET https://www.manhattanprep.com/gmat/forums/hans-christian-andersen-wrote-fairy-tales-t7444-15.html>]
,"[<GET https://www.manhattanprep.com/gmat/forums/the-computer-company-has-announced-that-it-will-purchase-the-t2673-15.html>, <GET https://www.manhattanprep.com/gmat/forums/the-computer-company-has-announced-that-it-will-purchase-the-t2673-30.html>, <GET https://www.manhattanprep.com/gmat/forums/the-computer-company-has-announced-that-it-will-purchase-the-t2673-45.html>, <GET https://www.manhattanprep.com/gmat/forums/the-computer-company-has-announced-that-it-will-purchase-the-t2673-60.html>, <GET https://www.manhattanprep.com/gmat/forums/the-computer-company-has-announced-that-it-will-purchase-the-t2673-75.html>]"
,"[<GET https://www.manhattanprep.com/gmat/forums/tqm-rc-t10228-15.html>, <GET https://www.manhattanprep.com/gmat/forums/tqm-rc-t10228-30.html>]"
,"[<GET https://www.manhattanprep.com/gmat/forums/the-federal-rules-aimed-at-protecting-human-subjects-of-t1127-15.html>, <GET https://www.manhattanprep.com/gmat/forums/the-federal-rules-aimed-at-protecting-human-subjects-of-t1127-30.html>]"
,"[<GET https://www.manhattanprep.com/gmat/forums/thcontinental-united-states-receives-an-average-of-30-inches-t2029-15.html>, <GET https://www.manhattanprep.com/gmat/forums/thcontinental-united-states-receives-an-average-of-30-inches-t2029-30.html>]"
,"[<GET https://www.manhattanprep.com/gmat/forums/some-patients-who-do-not-respond-t4380-15.html>, <GET https://www.manhattanprep.com/gmat/forums/some-patients-who-do-not-respond-t4380-30.html>, <GET https://www.manhattanprep.com/gmat/forums/some-patients-who-do-not-respond-t4380-45.html>, <GET https://www.manhattanprep.com/gmat/forums/some-patients-who-do-not-respond-t4380-60.html>]"
,"[<GET https://www.manhattanprep.com/gmat/forums/scientists-have-found-signs-that-moving-water-changed-t30614-15.html>, <GET https://www.manhattanprep.com/gmat/forums/scientists-have-found-signs-that-moving-water-changed-t30614-30.html>]"
,"[<GET https://www.manhattanprep.com/gmat/forums/when-drive-ins-were-at-the-height-of-their-popularity-in-the-t6550-15.html>, <GET https://www.manhattanprep.com/gmat/forums/when-drive-ins-were-at-the-height-of-their-popularity-in-the-t6550-30.html>, <GET https://www.manhattanprep.com/gmat/forums/when-drive-ins-were-at-the-height-of-their-popularity-in-the-t6550-45.html>]"
,"[<GET https://www.manhattanprep.com/gmat/forums/the-usage-of-whose-t14144-15.html>, <GET https://www.manhattanprep.com/gmat/forums/the-usage-of-whose-t14144-30.html>]"
forumurl
https://www.manhattanprep.com/gmat/forums/read-before-you-post-gmatprep-verbal-guidelines-t2720.html
https://www.manhattanprep.com/gmat/forums/some-patients-who-do-not-respond-t4380.html
https://www.manhattanprep.com/gmat/forums/the-usage-of-whose-t14144.html
https://www.manhattanprep.com/gmat/forums/scientists-have-found-signs-that-moving-water-changed-t30614.html
https://www.manhattanprep.com/gmat/forums/when-drive-ins-were-at-the-height-of-their-popularity-in-the-t6550.html
https://www.manhattanprep.com/gmat/forums/tqm-rc-t10228.html
https://www.manhattanprep.com/gmat/forums/the-computer-company-has-announced-that-it-will-purchase-the-t2673.html
https://www.manhattanprep.com/gmat/forums/the-federal-rules-aimed-at-protecting-human-subjects-of-t1127.html
https://www.manhattanprep.com/gmat/forums/thcontinental-united-states-receives-an-average-of-30-inches-t2029.html
https://www.manhattanprep.com/gmat/forums/hans-christian-andersen-wrote-fairy-tales-t7444.html
https://www.manhattanprep.com/gmat/forums/usage-of-in-that-their-t33936.html
https://www.manhattanprep.com/gmat/forums/gmat-prep-test-2-t10267.html
https://www.manhattanprep.com/gmat/forums/reading-the-general-density-dependence-model-can-be-t2215.html
https://www.manhattanprep.com/gmat/forums/about-the-majority-t33907.html
https://www.manhattanprep.com/gmat/forums/paleontologist-stephen-jay-gould-has-argued-t33896.html
https://www.manhattanprep.com/gmat/forums/in-the-major-cities-of-industrialized-countries-at-the-end-t1153.html
https://www.manhattanprep.com/gmat/forums/he-is-one-of-the-tallest-players-who-have-has-t33929.html
https://www.manhattanprep.com/gmat/forums/stock-levels-for-domestic-crude-oil-are-far-lower-t2141.html
https://www.manhattanprep.com/gmat/forums/results-of-a-united-states-study-published-in-the-t33903.html
https://www.manhattanprep.com/gmat/forums/so-that-such-that-so-as-to-t13833.html
https://www.manhattanprep.com/gmat/forums/fraternal-twins-t5900.html
https://www.manhattanprep.com/gmat/forums/on-account-of-a-law-passed-in-1993-making-it-a-crime-punish-t3096.html
https://www.manhattanprep.com/gmat/forums/the-environmental-protection-agency-frequently-puts-t2469.html
https://www.manhattanprep.com/gmat/forums/simply-because-they-are-genetically-engineered-does-not-make-t641.html
https://www.manhattanprep.com/gmat/forums/india-like-italy-and-china-has-no-single-dominant-cuisine-t30679.html
https://www.manhattanprep.com/gmat/forums/the-proliferation-of-so-called-cybersquatters-people-who-re-t1902.html
https://www.manhattanprep.com/gmat/forums/a-question-of-helping-verb-t33899.html
https://www.manhattanprep.com/gmat/forums/most-states-impose-limitations-on-the-authority-of-the-legis-t25914.html
https://www.manhattanprep.com/gmat/forums/gmat-prep-she-was-less-successful-after-t9832.html
https://www.manhattanprep.com/gmat/forums/why-d-is-wrong-t23396.html
https://www.manhattanprep.com/gmat/forums/cr-technological-improvements-and-reduced-equipment-costs-t7885.html
https://www.manhattanprep.com/gmat/forums/sc-despite-the-growing-number-t6715.html
https://www.manhattanprep.com/gmat/forums/a-prep-sc-question-single-locusts-are-quiet-creatures-t30524.html
https://www.manhattanprep.com/gmat/forums/general-availability-of-high-quality-electronic-scanners-t8440.html
https://www.manhattanprep.com/gmat/forums/gmatprep-question-need-help-t1864.html
https://www.manhattanprep.com/gmat/forums/in-kravonia-the-average-salary-for-jobs-requiring-a-college-t10813.html
https://www.manhattanprep.com/gmat/forums/so-dogged-were-frances-perkins-t11448.html
https://www.manhattanprep.com/gmat/forums/gmatprep-cr-archaeologists-in-michigan-t4405.html
https://www.manhattanprep.com/gmat/forums/gmat-prep-verbal-sentence-correction-t11179.html
https://www.manhattanprep.com/gmat/forums/gmat-prep-verbal-sentence-correction-t30318.html
https://www.manhattanprep.com/gmat/forums/pronoun-issues-t10114.html
https://www.manhattanprep.com/gmat/forums/according-to-the-tristate-transportation-authority-making-t6915.html
https://www.manhattanprep.com/gmat/forums/prep12-12-shliapentokh-s-study-indicated-that-t33851.html
https://www.manhattanprep.com/gmat/forums/very-overweight-people-t10757.html
https://www.manhattanprep.com/gmat/forums/not-one-of-the-potential-investors-t33843.html
https://www.manhattanprep.com/gmat/forums/rc-answer-key-required-t9271.html
https://www.manhattanprep.com/gmat/forums/although-beavers-can-still-be-found-throughout-the-t15923.html
https://www.manhattanprep.com/gmat/forums/it-is-unclear-whether-chimpanzees-are-unique-among-nonhuman-t31820.html
https://www.manhattanprep.com/gmat/forums/unlike-using-spices-for-cooking-in-medicinal-usage-t1062.html
https://www.manhattanprep.com/gmat/forums/most-of-the-purported-health-benefits-of-tea-t2558.html
forumurl
https://www.manhattanprep.com/gmat/forums/read-before-you-post-gmatprep-verbal-guidelines-t2720.html
https://www.manhattanprep.com/gmat/forums/some-patients-who-do-not-respond-t4380.html
https://www.manhattanprep.com/gmat/forums/the-usage-of-whose-t14144.html
https://www.manhattanprep.com/gmat/forums/scientists-have-found-signs-that-moving-water-changed-t30614.html
https://www.manhattanprep.com/gmat/forums/when-drive-ins-were-at-the-height-of-their-popularity-in-the-t6550.html
https://www.manhattanprep.com/gmat/forums/tqm-rc-t10228.html
https://www.manhattanprep.com/gmat/forums/the-computer-company-has-announced-that-it-will-purchase-the-t2673.html
https://www.manhattanprep.com/gmat/forums/the-federal-rules-aimed-at-protecting-human-subjects-of-t1127.html
https://www.manhattanprep.com/gmat/forums/thcontinental-united-states-receives-an-average-of-30-inches-t2029.html
https://www.manhattanprep.com/gmat/forums/hans-christian-andersen-wrote-fairy-tales-t7444.html
https://www.manhattanprep.com/gmat/forums/usage-of-in-that-their-t33936.html
https://www.manhattanprep.com/gmat/forums/gmat-prep-test-2-t10267.html
https://www.manhattanprep.com/gmat/forums/reading-the-general-density-dependence-model-can-be-t2215.html
https://www.manhattanprep.com/gmat/forums/about-the-majority-t33907.html
https://www.manhattanprep.com/gmat/forums/paleontologist-stephen-jay-gould-has-argued-t33896.html
https://www.manhattanprep.com/gmat/forums/in-the-major-cities-of-industrialized-countries-at-the-end-t1153.html
https://www.manhattanprep.com/gmat/forums/he-is-one-of-the-tallest-players-who-have-has-t33929.html
https://www.manhattanprep.com/gmat/forums/stock-levels-for-domestic-crude-oil-are-far-lower-t2141.html
https://www.manhattanprep.com/gmat/forums/results-of-a-united-states-study-published-in-the-t33903.html
https://www.manhattanprep.com/gmat/forums/so-that-such-that-so-as-to-t13833.html
https://www.manhattanprep.com/gmat/forums/fraternal-twins-t5900.html
https://www.manhattanprep.com/gmat/forums/on-account-of-a-law-passed-in-1993-making-it-a-crime-punish-t3096.html
https://www.manhattanprep.com/gmat/forums/the-environmental-protection-agency-frequently-puts-t2469.html
https://www.manhattanprep.com/gmat/forums/simply-because-they-are-genetically-engineered-does-not-make-t641.html
https://www.manhattanprep.com/gmat/forums/india-like-italy-and-china-has-no-single-dominant-cuisine-t30679.html
https://www.manhattanprep.com/gmat/forums/the-proliferation-of-so-called-cybersquatters-people-who-re-t1902.html
https://www.manhattanprep.com/gmat/forums/a-question-of-helping-verb-t33899.html
https://www.manhattanprep.com/gmat/forums/most-states-impose-limitations-on-the-authority-of-the-legis-t25914.html
https://www.manhattanprep.com/gmat/forums/gmat-prep-she-was-less-successful-after-t9832.html
https://www.manhattanprep.com/gmat/forums/why-d-is-wrong-t23396.html
https://www.manhattanprep.com/gmat/forums/cr-technological-improvements-and-reduced-equipment-costs-t7885.html
https://www.manhattanprep.com/gmat/forums/sc-despite-the-growing-number-t6715.html
https://www.manhattanprep.com/gmat/forums/a-prep-sc-question-single-locusts-are-quiet-creatures-t30524.html
https://www.manhattanprep.com/gmat/forums/general-availability-of-high-quality-electronic-scanners-t8440.html
https://www.manhattanprep.com/gmat/forums/gmatprep-question-need-help-t1864.html
https://www.manhattanprep.com/gmat/forums/in-kravonia-the-average-salary-for-jobs-requiring-a-college-t10813.html
https://www.manhattanprep.com/gmat/forums/so-dogged-were-frances-perkins-t11448.html
https://www.manhattanprep.com/gmat/forums/gmatprep-cr-archaeologists-in-michigan-t4405.html
https://www.manhattanprep.com/gmat/forums/gmat-prep-verbal-sentence-correction-t11179.html
https://www.manhattanprep.com/gmat/forums/gmat-prep-verbal-sentence-correction-t30318.html
https://www.manhattanprep.com/gmat/forums/pronoun-issues-t10114.html
https://www.manhattanprep.com/gmat/forums/according-to-the-tristate-transportation-authority-making-t6915.html
https://www.manhattanprep.com/gmat/forums/prep12-12-shliapentokh-s-study-indicated-that-t33851.html
https://www.manhattanprep.com/gmat/forums/very-overweight-people-t10757.html
https://www.manhattanprep.com/gmat/forums/not-one-of-the-potential-investors-t33843.html
https://www.manhattanprep.com/gmat/forums/rc-answer-key-required-t9271.html
https://www.manhattanprep.com/gmat/forums/although-beavers-can-still-be-found-throughout-the-t15923.html
https://www.manhattanprep.com/gmat/forums/it-is-unclear-whether-chimpanzees-are-unique-among-nonhuman-t31820.html
https://www.manhattanprep.com/gmat/forums/unlike-using-spices-for-cooking-in-medicinal-usage-t1062.html
https://www.manhattanprep.com/gmat/forums/most-of-the-purported-health-benefits-of-tea-t2558.html
forumurl
https://www.manhattanprep.com/gmat/forums/read-before-you-post-gmatprep-verbal-guidelines-t2720.html
https://www.manhattanprep.com/gmat/forums/some-patients-who-do-not-respond-t4380.html
https://www.manhattanprep.com/gmat/forums/the-usage-of-whose-t14144.html
https://www.manhattanprep.com/gmat/forums/scientists-have-found-signs-that-moving-water-changed-t30614.html
https://www.manhattanprep.com/gmat/forums/when-drive-ins-were-at-the-height-of-their-popularity-in-the-t6550.html
https://www.manhattanprep.com/gmat/forums/tqm-rc-t10228.html
https://www.manhattanprep.com/gmat/forums/the-computer-company-has-announced-that-it-will-purchase-the-t2673.html
https://www.manhattanprep.com/gmat/forums/the-federal-rules-aimed-at-protecting-human-subjects-of-t1127.html
https://www.manhattanprep.com/gmat/forums/thcontinental-united-states-receives-an-average-of-30-inches-t2029.html
https://www.manhattanprep.com/gmat/forums/hans-christian-andersen-wrote-fairy-tales-t7444.html
https://www.manhattanprep.com/gmat/forums/usage-of-in-that-their-t33936.html
https://www.manhattanprep.com/gmat/forums/gmat-prep-test-2-t10267.html
https://www.manhattanprep.com/gmat/forums/reading-the-general-density-dependence-model-can-be-t2215.html
https://www.manhattanprep.com/gmat/forums/about-the-majority-t33907.html
https://www.manhattanprep.com/gmat/forums/paleontologist-stephen-jay-gould-has-argued-t33896.html
https://www.manhattanprep.com/gmat/forums/in-the-major-cities-of-industrialized-countries-at-the-end-t1153.html
https://www.manhattanprep.com/gmat/forums/he-is-one-of-the-tallest-players-who-have-has-t33929.html
https://www.manhattanprep.com/gmat/forums/stock-levels-for-domestic-crude-oil-are-far-lower-t2141.html
https://www.manhattanprep.com/gmat/forums/results-of-a-united-states-study-published-in-the-t33903.html
https://www.manhattanprep.com/gmat/forums/so-that-such-that-so-as-to-t13833.html
https://www.manhattanprep.com/gmat/forums/fraternal-twins-t5900.html
https://www.manhattanprep.com/gmat/forums/on-account-of-a-law-passed-in-1993-making-it-a-crime-punish-t3096.html
https://www.manhattanprep.com/gmat/forums/the-environmental-protection-agency-frequently-puts-t2469.html
https://www.manhattanprep.com/gmat/forums/simply-because-they-are-genetically-engineered-does-not-make-t641.html
https://www.manhattanprep.com/gmat/forums/india-like-italy-and-china-has-no-single-dominant-cuisine-t30679.html
https://www.manhattanprep.com/gmat/forums/the-proliferation-of-so-called-cybersquatters-people-who-re-t1902.html
https://www.manhattanprep.com/gmat/forums/a-question-of-helping-verb-t33899.html
https://www.manhattanprep.com/gmat/forums/most-states-impose-limitations-on-the-authority-of-the-legis-t25914.html
https://www.manhattanprep.com/gmat/forums/gmat-prep-she-was-less-successful-after-t9832.html
https://www.manhattanprep.com/gmat/forums/why-d-is-wrong-t23396.html
https://www.manhattanprep.com/gmat/forums/cr-technological-improvements-and-reduced-equipment-costs-t7885.html
https://www.manhattanprep.com/gmat/forums/sc-despite-the-growing-number-t6715.html
https://www.manhattanprep.com/gmat/forums/a-prep-sc-question-single-locusts-are-quiet-creatures-t30524.html
https://www.manhattanprep.com/gmat/forums/general-availability-of-high-quality-electronic-scanners-t8440.html
https://www.manhattanprep.com/gmat/forums/gmatprep-question-need-help-t1864.html
https://www.manhattanprep.com/gmat/forums/in-kravonia-the-average-salary-for-jobs-requiring-a-college-t10813.html
https://www.manhattanprep.com/gmat/forums/so-dogged-were-frances-perkins-t11448.html
https://www.manhattanprep.com/gmat/forums/gmatprep-cr-archaeologists-in-michigan-t4405.html
https://www.manhattanprep.com/gmat/forums/gmat-prep-verbal-sentence-correction-t11179.html
https://www.manhattanprep.com/gmat/forums/gmat-prep-verbal-sentence-correction-t30318.html
https://www.manhattanprep.com/gmat/forums/pronoun-issues-t10114.html
https://www.manhattanprep.com/gmat/forums/according-to-the-tristate-transportation-authority-making-t6915.html
https://www.manhattanprep.com/gmat/forums/prep12-12-shliapentokh-s-study-indicated-that-t33851.html
https://www.manhattanprep.com/gmat/forums/very-overweight-people-t10757.html
https://www.manhattanprep.com/gmat/forums/not-one-of-the-potential-investors-t33843.html
https://www.manhattanprep.com/gmat/forums/rc-answer-key-required-t9271.html
https://www.manhattanprep.com/gmat/forums/although-beavers-can-still-be-found-throughout-the-t15923.html
https://www.manhattanprep.com/gmat/forums/it-is-unclear-whether-chimpanzees-are-unique-among-nonhuman-t31820.html
https://www.manhattanprep.com/gmat/forums/unlike-using-spices-for-cooking-in-medicinal-usage-t1062.html
https://www.manhattanprep.com/gmat/forums/most-of-the-purported-health-benefits-of-tea-t2558.html
forumurl
https://www.manhattanprep.com/gmat/forums/read-before-you-post-gmatprep-verbal-guidelines-t2720.html
https://www.manhattanprep.com/gmat/forums/some-patients-who-do-not-respond-t4380.html
https://www.manhattanprep.com/gmat/forums/the-usage-of-whose-t14144.html
https://www.manhattanprep.com/gmat/forums/scientists-have-found-signs-that-moving-water-changed-t30614.html
https://www.manhattanprep.com/gmat/forums/when-drive-ins-were-at-the-height-of-their-popularity-in-the-t6550.html
https://www.manhattanprep.com/gmat/forums/tqm-rc-t10228.html
https://www.manhattanprep.com/gmat/forums/the-computer-company-has-announced-that-it-will-purchase-the-t2673.html
https://www.manhattanprep.com/gmat/forums/the-federal-rules-aimed-at-protecting-human-subjects-of-t1127.html
https://www.manhattanprep.com/gmat/forums/thcontinental-united-states-receives-an-average-of-30-inches-t2029.html
https://www.manhattanprep.com/gmat/forums/hans-christian-andersen-wrote-fairy-tales-t7444.html
https://www.manhattanprep.com/gmat/forums/usage-of-in-that-their-t33936.html
https://www.manhattanprep.com/gmat/forums/gmat-prep-test-2-t10267.html
https://www.manhattanprep.com/gmat/forums/reading-the-general-density-dependence-model-can-be-t2215.html
https://www.manhattanprep.com/gmat/forums/about-the-majority-t33907.html
https://www.manhattanprep.com/gmat/forums/paleontologist-stephen-jay-gould-has-argued-t33896.html
https://www.manhattanprep.com/gmat/forums/in-the-major-cities-of-industrialized-countries-at-the-end-t1153.html
https://www.manhattanprep.com/gmat/forums/he-is-one-of-the-tallest-players-who-have-has-t33929.html
https://www.manhattanprep.com/gmat/forums/stock-levels-for-domestic-crude-oil-are-far-lower-t2141.html
https://www.manhattanprep.com/gmat/forums/results-of-a-united-states-study-published-in-the-t33903.html
https://www.manhattanprep.com/gmat/forums/so-that-such-that-so-as-to-t13833.html
https://www.manhattanprep.com/gmat/forums/fraternal-twins-t5900.html
https://www.manhattanprep.com/gmat/forums/on-account-of-a-law-passed-in-1993-making-it-a-crime-punish-t3096.html
https://www.manhattanprep.com/gmat/forums/the-environmental-protection-agency-frequently-puts-t2469.html
https://www.manhattanprep.com/gmat/forums/simply-because-they-are-genetically-engineered-does-not-make-t641.html
https://www.manhattanprep.com/gmat/forums/india-like-italy-and-china-has-no-single-dominant-cuisine-t30679.html
https://www.manhattanprep.com/gmat/forums/the-proliferation-of-so-called-cybersquatters-people-who-re-t1902.html
https://www.manhattanprep.com/gmat/forums/a-question-of-helping-verb-t33899.html
https://www.manhattanprep.com/gmat/forums/most-states-impose-limitations-on-the-authority-of-the-legis-t25914.html
https://www.manhattanprep.com/gmat/forums/gmat-prep-she-was-less-successful-after-t9832.html
https://www.manhattanprep.com/gmat/forums/why-d-is-wrong-t23396.html
https://www.manhattanprep.com/gmat/forums/cr-technological-improvements-and-reduced-equipment-costs-t7885.html
https://www.manhattanprep.com/gmat/forums/sc-despite-the-growing-number-t6715.html
https://www.manhattanprep.com/gmat/forums/a-prep-sc-question-single-locusts-are-quiet-creatures-t30524.html
https://www.manhattanprep.com/gmat/forums/general-availability-of-high-quality-electronic-scanners-t8440.html
https://www.manhattanprep.com/gmat/forums/gmatprep-question-need-help-t1864.html
https://www.manhattanprep.com/gmat/forums/in-kravonia-the-average-salary-for-jobs-requiring-a-college-t10813.html
https://www.manhattanprep.com/gmat/forums/so-dogged-were-frances-perkins-t11448.html
https://www.manhattanprep.com/gmat/forums/gmatprep-cr-archaeologists-in-michigan-t4405.html
https://www.manhattanprep.com/gmat/forums/gmat-prep-verbal-sentence-correction-t11179.html
https://www.manhattanprep.com/gmat/forums/gmat-prep-verbal-sentence-correction-t30318.html
https://www.manhattanprep.com/gmat/forums/pronoun-issues-t10114.html
https://www.manhattanprep.com/gmat/forums/according-to-the-tristate-transportation-authority-making-t6915.html
https://www.manhattanprep.com/gmat/forums/prep12-12-shliapentokh-s-study-indicated-that-t33851.html
https://www.manhattanprep.com/gmat/forums/very-overweight-people-t10757.html
https://www.manhattanprep.com/gmat/forums/not-one-of-the-potential-investors-t33843.html
https://www.manhattanprep.com/gmat/forums/rc-answer-key-required-t9271.html
https://www.manhattanprep.com/gmat/forums/although-beavers-can-still-be-found-throughout-the-t15923.html
https://www.manhattanprep.com/gmat/forums/it-is-unclear-whether-chimpanzees-are-unique-among-nonhuman-t31820.html
https://www.manhattanprep.com/gmat/forums/unlike-using-spices-for-cooking-in-medicinal-usage-t1062.html
https://www.manhattanprep.com/gmat/forums/most-of-the-purported-health-benefits-of-tea-t2558.html
forumurl
https://www.manhattanprep.com/gmat/forums/read-before-you-post-gmatprep-verbal-guidelines-t2720.html
https://www.manhattanprep.com/gmat/forums/some-patients-who-do-not-respond-t4380.html
https://www.manhattanprep.com/gmat/forums/the-usage-of-whose-t14144.html
https://www.manhattanprep.com/gmat/forums/scientists-have-found-signs-that-moving-water-changed-t30614.html
https://www.manhattanprep.com/gmat/forums/when-drive-ins-were-at-the-height-of-their-popularity-in-the-t6550.html
https://www.manhattanprep.com/gmat/forums/tqm-rc-t10228.html
https://www.manhattanprep.com/gmat/forums/the-computer-company-has-announced-that-it-will-purchase-the-t2673.html
https://www.manhattanprep.com/gmat/forums/the-federal-rules-aimed-at-protecting-human-subjects-of-t1127.html
https://www.manhattanprep.com/gmat/forums/thcontinental-united-states-receives-an-average-of-30-inches-t2029.html
https://www.manhattanprep.com/gmat/forums/hans-christian-andersen-wrote-fairy-tales-t7444.html
https://www.manhattanprep.com/gmat/forums/usage-of-in-that-their-t33936.html
https://www.manhattanprep.com/gmat/forums/gmat-prep-test-2-t10267.html
https://www.manhattanprep.com/gmat/forums/reading-the-general-density-dependence-model-can-be-t2215.html
https://www.manhattanprep.com/gmat/forums/about-the-majority-t33907.html
https://www.manhattanprep.com/gmat/forums/paleontologist-stephen-jay-gould-has-argued-t33896.html
https://www.manhattanprep.com/gmat/forums/in-the-major-cities-of-industrialized-countries-at-the-end-t1153.html
https://www.manhattanprep.com/gmat/forums/he-is-one-of-the-tallest-players-who-have-has-t33929.html
https://www.manhattanprep.com/gmat/forums/stock-levels-for-domestic-crude-oil-are-far-lower-t2141.html
https://www.manhattanprep.com/gmat/forums/results-of-a-united-states-study-published-in-the-t33903.html
https://www.manhattanprep.com/gmat/forums/so-that-such-that-so-as-to-t13833.html
https://www.manhattanprep.com/gmat/forums/fraternal-twins-t5900.html
https://www.manhattanprep.com/gmat/forums/on-account-of-a-law-passed-in-1993-making-it-a-crime-punish-t3096.html
https://www.manhattanprep.com/gmat/forums/the-environmental-protection-agency-frequently-puts-t2469.html
https://www.manhattanprep.com/gmat/forums/simply-because-they-are-genetically-engineered-does-not-make-t641.html
https://www.manhattanprep.com/gmat/forums/india-like-italy-and-china-has-no-single-dominant-cuisine-t30679.html
https://www.manhattanprep.com/gmat/forums/the-proliferation-of-so-called-cybersquatters-people-who-re-t1902.html
https://www.manhattanprep.com/gmat/forums/a-question-of-helping-verb-t33899.html
https://www.manhattanprep.com/gmat/forums/most-states-impose-limitations-on-the-authority-of-the-legis-t25914.html
https://www.manhattanprep.com/gmat/forums/gmat-prep-she-was-less-successful-after-t9832.html
https://www.manhattanprep.com/gmat/forums/why-d-is-wrong-t23396.html
https://www.manhattanprep.com/gmat/forums/cr-technological-improvements-and-reduced-equipment-costs-t7885.html
https://www.manhattanprep.com/gmat/forums/sc-despite-the-growing-number-t6715.html
https://www.manhattanprep.com/gmat/forums/a-prep-sc-question-single-locusts-are-quiet-creatures-t30524.html
https://www.manhattanprep.com/gmat/forums/general-availability-of-high-quality-electronic-scanners-t8440.html
https://www.manhattanprep.com/gmat/forums/gmatprep-question-need-help-t1864.html
https://www.manhattanprep.com/gmat/forums/in-kravonia-the-average-salary-for-jobs-requiring-a-college-t10813.html
https://www.manhattanprep.com/gmat/forums/so-dogged-were-frances-perkins-t11448.html
https://www.manhattanprep.com/gmat/forums/gmatprep-cr-archaeologists-in-michigan-t4405.html
https://www.manhattanprep.com/gmat/forums/gmat-prep-verbal-sentence-correction-t11179.html
https://www.manhattanprep.com/gmat/forums/gmat-prep-verbal-sentence-correction-t30318.html
https://www.manhattanprep.com/gmat/forums/pronoun-issues-t10114.html
https://www.manhattanprep.com/gmat/forums/according-to-the-tristate-transportation-authority-making-t6915.html
https://www.manhattanprep.com/gmat/forums/prep12-12-shliapentokh-s-study-indicated-that-t33851.html
https://www.manhattanprep.com/gmat/forums/very-overweight-people-t10757.html
https://www.manhattanprep.com/gmat/forums/not-one-of-the-potential-investors-t33843.html
https://www.manhattanprep.com/gmat/forums/rc-answer-key-required-t9271.html
https://www.manhattanprep.com/gmat/forums/although-beavers-can-still-be-found-throughout-the-t15923.html
https://www.manhattanprep.com/gmat/forums/it-is-unclear-whether-chimpanzees-are-unique-among-nonhuman-t31820.html
https://www.manhattanprep.com/gmat/forums/unlike-using-spices-for-cooking-in-medicinal-usage-t1062.html
https://www.manhattanprep.com/gmat/forums/most-of-the-purported-health-benefits-of-tea-t2558.html
forumurl
https://www.manhattanprep.com/gmat/forums/read-before-you-post-gmatprep-verbal-guidelines-t2720.html
https://www.manhattanprep.com/gmat/forums/some-patients-who-do-not-respond-t4380.html
https://www.manhattanprep.com/gmat/forums/the-usage-of-whose-t14144.html
https://www.manhattanprep.com/gmat/forums/scientists-have-found-signs-that-moving-water-changed-t30614.html
https://www.manhattanprep.com/gmat/forums/when-drive-ins-were-at-the-height-of-their-popularity-in-the-t6550.html
https://www.manhattanprep.com/gmat/forums/tqm-rc-t10228.html
https://www.manhattanprep.com/gmat/forums/the-computer-company-has-announced-that-it-will-purchase-the-t2673.html
https://www.manhattanprep.com/gmat/forums/the-federal-rules-aimed-at-protecting-human-subjects-of-t1127.html
https://www.manhattanprep.com/gmat/forums/thcontinental-united-states-receives-an-average-of-30-inches-t2029.html
https://www.manhattanprep.com/gmat/forums/hans-christian-andersen-wrote-fairy-tales-t7444.html
https://www.manhattanprep.com/gmat/forums/usage-of-in-that-their-t33936.html
https://www.manhattanprep.com/gmat/forums/gmat-prep-test-2-t10267.html
https://www.manhattanprep.com/gmat/forums/reading-the-general-density-dependence-model-can-be-t2215.html
https://www.manhattanprep.com/gmat/forums/about-the-majority-t33907.html
https://www.manhattanprep.com/gmat/forums/paleontologist-stephen-jay-gould-has-argued-t33896.html
https://www.manhattanprep.com/gmat/forums/in-the-major-cities-of-industrialized-countries-at-the-end-t1153.html
https://www.manhattanprep.com/gmat/forums/he-is-one-of-the-tallest-players-who-have-has-t33929.html
https://www.manhattanprep.com/gmat/forums/stock-levels-for-domestic-crude-oil-are-far-lower-t2141.html
https://www.manhattanprep.com/gmat/forums/results-of-a-united-states-study-published-in-the-t33903.html
https://www.manhattanprep.com/gmat/forums/so-that-such-that-so-as-to-t13833.html
https://www.manhattanprep.com/gmat/forums/fraternal-twins-t5900.html
https://www.manhattanprep.com/gmat/forums/on-account-of-a-law-passed-in-1993-making-it-a-crime-punish-t3096.html
https://www.manhattanprep.com/gmat/forums/the-environmental-protection-agency-frequently-puts-t2469.html
https://www.manhattanprep.com/gmat/forums/simply-because-they-are-genetically-engineered-does-not-make-t641.html
https://www.manhattanprep.com/gmat/forums/india-like-italy-and-china-has-no-single-dominant-cuisine-t30679.html
https://www.manhattanprep.com/gmat/forums/the-proliferation-of-so-called-cybersquatters-people-who-re-t1902.html
https://www.manhattanprep.com/gmat/forums/a-question-of-helping-verb-t33899.html
https://www.manhattanprep.com/gmat/forums/most-states-impose-limitations-on-the-authority-of-the-legis-t25914.html
https://www.manhattanprep.com/gmat/forums/gmat-prep-she-was-less-successful-after-t9832.html
https://www.manhattanprep.com/gmat/forums/why-d-is-wrong-t23396.html
https://www.manhattanprep.com/gmat/forums/cr-technological-improvements-and-reduced-equipment-costs-t7885.html
https://www.manhattanprep.com/gmat/forums/sc-despite-the-growing-number-t6715.html
https://www.manhattanprep.com/gmat/forums/a-prep-sc-question-single-locusts-are-quiet-creatures-t30524.html
https://www.manhattanprep.com/gmat/forums/general-availability-of-high-quality-electronic-scanners-t8440.html
https://www.manhattanprep.com/gmat/forums/gmatprep-question-need-help-t1864.html
https://www.manhattanprep.com/gmat/forums/in-kravonia-the-average-salary-for-jobs-requiring-a-college-t10813.html
https://www.manhattanprep.com/gmat/forums/so-dogged-were-frances-perkins-t11448.html
https://www.manhattanprep.com/gmat/forums/gmatprep-cr-archaeologists-in-michigan-t4405.html
https://www.manhattanprep.com/gmat/forums/gmat-prep-verbal-sentence-correction-t11179.html
https://www.manhattanprep.com/gmat/forums/gmat-prep-verbal-sentence-correction-t30318.html
https://www.manhattanprep.com/gmat/forums/pronoun-issues-t10114.html
https://www.manhattanprep.com/gmat/forums/according-to-the-tristate-transportation-authority-making-t6915.html
https://www.manhattanprep.com/gmat/forums/prep12-12-shliapentokh-s-study-indicated-that-t33851.html
https://www.manhattanprep.com/gmat/forums/very-overweight-people-t10757.html
https://www.manhattanprep.com/gmat/forums/not-one-of-the-potential-investors-t33843.html
https://www.manhattanprep.com/gmat/forums/rc-answer-key-required-t9271.html
https://www.manhattanprep.com/gmat/forums/although-beavers-can-still-be-found-throughout-the-t15923.html
https://www.manhattanprep.com/gmat/forums/it-is-unclear-whether-chimpanzees-are-unique-among-nonhuman-t31820.html
https://www.manhattanprep.com/gmat/forums/unlike-using-spices-for-cooking-in-medicinal-usage-t1062.html
https://www.manhattanprep.com/gmat/forums/most-of-the-purported-health-benefits-of-tea-t2558.html
forumurl
https://www.manhattanprep.com/gmat/forums/read-before-you-post-gmatprep-verbal-guidelines-t2720.html
https://www.manhattanprep.com/gmat/forums/in-1981-children-in-the-united-states-t4406.html
https://www.manhattanprep.com/gmat/forums/some-patients-who-do-not-respond-t4380.html
https://www.manhattanprep.com/gmat/forums/the-usage-of-whose-t14144.html
https://www.manhattanprep.com/gmat/forums/scientists-have-found-signs-that-moving-water-changed-t30614.html
https://www.manhattanprep.com/gmat/forums/when-drive-ins-were-at-the-height-of-their-popularity-in-the-t6550.html
https://www.manhattanprep.com/gmat/forums/tqm-rc-t10228.html
https://www.manhattanprep.com/gmat/forums/the-computer-company-has-announced-that-it-will-purchase-the-t2673.html
https://www.manhattanprep.com/gmat/forums/the-federal-rules-aimed-at-protecting-human-subjects-of-t1127.html
https://www.manhattanprep.com/gmat/forums/thcontinental-united-states-receives-an-average-of-30-inches-t2029.html
https://www.manhattanprep.com/gmat/forums/hans-christian-andersen-wrote-fairy-tales-t7444.html
https://www.manhattanprep.com/gmat/forums/usage-of-in-that-their-t33936.html
https://www.manhattanprep.com/gmat/forums/gmat-prep-test-2-t10267.html
https://www.manhattanprep.com/gmat/forums/reading-the-general-density-dependence-model-can-be-t2215.html
https://www.manhattanprep.com/gmat/forums/about-the-majority-t33907.html
https://www.manhattanprep.com/gmat/forums/paleontologist-stephen-jay-gould-has-argued-t33896.html
https://www.manhattanprep.com/gmat/forums/in-the-major-cities-of-industrialized-countries-at-the-end-t1153.html
https://www.manhattanprep.com/gmat/forums/he-is-one-of-the-tallest-players-who-have-has-t33929.html
https://www.manhattanprep.com/gmat/forums/stock-levels-for-domestic-crude-oil-are-far-lower-t2141.html
https://www.manhattanprep.com/gmat/forums/results-of-a-united-states-study-published-in-the-t33903.html
https://www.manhattanprep.com/gmat/forums/so-that-such-that-so-as-to-t13833.html
https://www.manhattanprep.com/gmat/forums/fraternal-twins-t5900.html
https://www.manhattanprep.com/gmat/forums/on-account-of-a-law-passed-in-1993-making-it-a-crime-punish-t3096.html
https://www.manhattanprep.com/gmat/forums/the-environmental-protection-agency-frequently-puts-t2469.html
https://www.manhattanprep.com/gmat/forums/simply-because-they-are-genetically-engineered-does-not-make-t641.html
https://www.manhattanprep.com/gmat/forums/india-like-italy-and-china-has-no-single-dominant-cuisine-t30679.html
https://www.manhattanprep.com/gmat/forums/the-proliferation-of-so-called-cybersquatters-people-who-re-t1902.html
https://www.manhattanprep.com/gmat/forums/a-question-of-helping-verb-t33899.html
https://www.manhattanprep.com/gmat/forums/most-states-impose-limitations-on-the-authority-of-the-legis-t25914.html
https://www.manhattanprep.com/gmat/forums/gmat-prep-she-was-less-successful-after-t9832.html
https://www.manhattanprep.com/gmat/forums/why-d-is-wrong-t23396.html
https://www.manhattanprep.com/gmat/forums/cr-technological-improvements-and-reduced-equipment-costs-t7885.html
https://www.manhattanprep.com/gmat/forums/sc-despite-the-growing-number-t6715.html
https://www.manhattanprep.com/gmat/forums/a-prep-sc-question-single-locusts-are-quiet-creatures-t30524.html
https://www.manhattanprep.com/gmat/forums/general-availability-of-high-quality-electronic-scanners-t8440.html
https://www.manhattanprep.com/gmat/forums/gmatprep-question-need-help-t1864.html
https://www.manhattanprep.com/gmat/forums/in-kravonia-the-average-salary-for-jobs-requiring-a-college-t10813.html
https://www.manhattanprep.com/gmat/forums/so-dogged-were-frances-perkins-t11448.html
https://www.manhattanprep.com/gmat/forums/gmatprep-cr-archaeologists-in-michigan-t4405.html
https://www.manhattanprep.com/gmat/forums/gmat-prep-verbal-sentence-correction-t11179.html
https://www.manhattanprep.com/gmat/forums/gmat-prep-verbal-sentence-correction-t30318.html
https://www.manhattanprep.com/gmat/forums/pronoun-issues-t10114.html
https://www.manhattanprep.com/gmat/forums/according-to-the-tristate-transportation-authority-making-t6915.html
https://www.manhattanprep.com/gmat/forums/prep12-12-shliapentokh-s-study-indicated-that-t33851.html
https://www.manhattanprep.com/gmat/forums/very-overweight-people-t10757.html
https://www.manhattanprep.com/gmat/forums/not-one-of-the-potential-investors-t33843.html
https://www.manhattanprep.com/gmat/forums/rc-answer-key-required-t9271.html
https://www.manhattanprep.com/gmat/forums/although-beavers-can-still-be-found-throughout-the-t15923.html
https://www.manhattanprep.com/gmat/forums/it-is-unclear-whether-chimpanzees-are-unique-among-nonhuman-t31820.html
https://www.manhattanprep.com/gmat/forums/unlike-using-spices-for-cooking-in-medicinal-usage-t1062.html
forumurl
https://www.manhattanprep.com/gmat/forums/read-before-you-post-gmatprep-verbal-guidelines-t2720.html
https://www.manhattanprep.com/gmat/forums/in-1981-children-in-the-united-states-t4406.html
https://www.manhattanprep.com/gmat/forums/some-patients-who-do-not-respond-t4380.html
https://www.manhattanprep.com/gmat/forums/the-usage-of-whose-t14144.html
https://www.manhattanprep.com/gmat/forums/scientists-have-found-signs-that-moving-water-changed-t30614.html
https://www.manhattanprep.com/gmat/forums/when-drive-ins-were-at-the-height-of-their-popularity-in-the-t6550.html
https://www.manhattanprep.com/gmat/forums/tqm-rc-t10228.html
https://www.manhattanprep.com/gmat/forums/the-computer-company-has-announced-that-it-will-purchase-the-t2673.html
https://www.manhattanprep.com/gmat/forums/the-federal-rules-aimed-at-protecting-human-subjects-of-t1127.html
https://www.manhattanprep.com/gmat/forums/thcontinental-united-states-receives-an-average-of-30-inches-t2029.html
https://www.manhattanprep.com/gmat/forums/hans-christian-andersen-wrote-fairy-tales-t7444.html
https://www.manhattanprep.com/gmat/forums/usage-of-in-that-their-t33936.html
https://www.manhattanprep.com/gmat/forums/gmat-prep-test-2-t10267.html
https://www.manhattanprep.com/gmat/forums/reading-the-general-density-dependence-model-can-be-t2215.html
https://www.manhattanprep.com/gmat/forums/about-the-majority-t33907.html
https://www.manhattanprep.com/gmat/forums/paleontologist-stephen-jay-gould-has-argued-t33896.html
https://www.manhattanprep.com/gmat/forums/in-the-major-cities-of-industrialized-countries-at-the-end-t1153.html
https://www.manhattanprep.com/gmat/forums/he-is-one-of-the-tallest-players-who-have-has-t33929.html
https://www.manhattanprep.com/gmat/forums/stock-levels-for-domestic-crude-oil-are-far-lower-t2141.html
https://www.manhattanprep.com/gmat/forums/results-of-a-united-states-study-published-in-the-t33903.html
https://www.manhattanprep.com/gmat/forums/so-that-such-that-so-as-to-t13833.html
https://www.manhattanprep.com/gmat/forums/fraternal-twins-t5900.html
https://www.manhattanprep.com/gmat/forums/on-account-of-a-law-passed-in-1993-making-it-a-crime-punish-t3096.html
https://www.manhattanprep.com/gmat/forums/the-environmental-protection-agency-frequently-puts-t2469.html
https://www.manhattanprep.com/gmat/forums/simply-because-they-are-genetically-engineered-does-not-make-t641.html
https://www.manhattanprep.com/gmat/forums/india-like-italy-and-china-has-no-single-dominant-cuisine-t30679.html
https://www.manhattanprep.com/gmat/forums/the-proliferation-of-so-called-cybersquatters-people-who-re-t1902.html
https://www.manhattanprep.com/gmat/forums/a-question-of-helping-verb-t33899.html
https://www.manhattanprep.com/gmat/forums/most-states-impose-limitations-on-the-authority-of-the-legis-t25914.html
https://www.manhattanprep.com/gmat/forums/gmat-prep-she-was-less-successful-after-t9832.html
https://www.manhattanprep.com/gmat/forums/why-d-is-wrong-t23396.html
https://www.manhattanprep.com/gmat/forums/cr-technological-improvements-and-reduced-equipment-costs-t7885.html
https://www.manhattanprep.com/gmat/forums/sc-despite-the-growing-number-t6715.html
https://www.manhattanprep.com/gmat/forums/a-prep-sc-question-single-locusts-are-quiet-creatures-t30524.html
https://www.manhattanprep.com/gmat/forums/general-availability-of-high-quality-electronic-scanners-t8440.html
https://www.manhattanprep.com/gmat/forums/gmatprep-question-need-help-t1864.html
https://www.manhattanprep.com/gmat/forums/in-kravonia-the-average-salary-for-jobs-requiring-a-college-t10813.html
https://www.manhattanprep.com/gmat/forums/so-dogged-were-frances-perkins-t11448.html
https://www.manhattanprep.com/gmat/forums/gmatprep-cr-archaeologists-in-michigan-t4405.html
https://www.manhattanprep.com/gmat/forums/gmat-prep-verbal-sentence-correction-t11179.html
https://www.manhattanprep.com/gmat/forums/gmat-prep-verbal-sentence-correction-t30318.html
https://www.manhattanprep.com/gmat/forums/pronoun-issues-t10114.html
https://www.manhattanprep.com/gmat/forums/according-to-the-tristate-transportation-authority-making-t6915.html
https://www.manhattanprep.com/gmat/forums/prep12-12-shliapentokh-s-study-indicated-that-t33851.html
https://www.manhattanprep.com/gmat/forums/very-overweight-people-t10757.html
https://www.manhattanprep.com/gmat/forums/not-one-of-the-potential-investors-t33843.html
https://www.manhattanprep.com/gmat/forums/rc-answer-key-required-t9271.html
https://www.manhattanprep.com/gmat/forums/although-beavers-can-still-be-found-throughout-the-t15923.html
https://www.manhattanprep.com/gmat/forums/it-is-unclear-whether-chimpanzees-are-unique-among-nonhuman-t31820.html
https://www.manhattanprep.com/gmat/forums/unlike-using-spices-for-cooking-in-medicinal-usage-t1062.html
forumurl
https://www.manhattanprep.com/gmat/forums/read-before-you-post-gmatprep-verbal-guidelines-t2720.html
https://www.manhattanprep.com/gmat/forums/in-1981-children-in-the-united-states-t4406.html
https://www.manhattanprep.com/gmat/forums/some-patients-who-do-not-respond-t4380.html
https://www.manhattanprep.com/gmat/forums/the-usage-of-whose-t14144.html
https://www.manhattanprep.com/gmat/forums/scientists-have-found-signs-that-moving-water-changed-t30614.html
https://www.manhattanprep.com/gmat/forums/when-drive-ins-were-at-the-height-of-their-popularity-in-the-t6550.html
https://www.manhattanprep.com/gmat/forums/tqm-rc-t10228.html
https://www.manhattanprep.com/gmat/forums/the-computer-company-has-announced-that-it-will-purchase-the-t2673.html
https://www.manhattanprep.com/gmat/forums/the-federal-rules-aimed-at-protecting-human-subjects-of-t1127.html
https://www.manhattanprep.com/gmat/forums/thcontinental-united-states-receives-an-average-of-30-inches-t2029.html
https://www.manhattanprep.com/gmat/forums/hans-christian-andersen-wrote-fairy-tales-t7444.html
https://www.manhattanprep.com/gmat/forums/usage-of-in-that-their-t33936.html
https://www.manhattanprep.com/gmat/forums/gmat-prep-test-2-t10267.html
https://www.manhattanprep.com/gmat/forums/reading-the-general-density-dependence-model-can-be-t2215.html
https://www.manhattanprep.com/gmat/forums/about-the-majority-t33907.html
https://www.manhattanprep.com/gmat/forums/paleontologist-stephen-jay-gould-has-argued-t33896.html
https://www.manhattanprep.com/gmat/forums/in-the-major-cities-of-industrialized-countries-at-the-end-t1153.html
https://www.manhattanprep.com/gmat/forums/he-is-one-of-the-tallest-players-who-have-has-t33929.html
https://www.manhattanprep.com/gmat/forums/stock-levels-for-domestic-crude-oil-are-far-lower-t2141.html
https://www.manhattanprep.com/gmat/forums/results-of-a-united-states-study-published-in-the-t33903.html
https://www.manhattanprep.com/gmat/forums/so-that-such-that-so-as-to-t13833.html
https://www.manhattanprep.com/gmat/forums/fraternal-twins-t5900.html
https://www.manhattanprep.com/gmat/forums/on-account-of-a-law-passed-in-1993-making-it-a-crime-punish-t3096.html
https://www.manhattanprep.com/gmat/forums/the-environmental-protection-agency-frequently-puts-t2469.html
https://www.manhattanprep.com/gmat/forums/simply-because-they-are-genetically-engineered-does-not-make-t641.html
https://www.manhattanprep.com/gmat/forums/india-like-italy-and-china-has-no-single-dominant-cuisine-t30679.html
https://www.manhattanprep.com/gmat/forums/the-proliferation-of-so-called-cybersquatters-people-who-re-t1902.html
https://www.manhattanprep.com/gmat/forums/a-question-of-helping-verb-t33899.html
https://www.manhattanprep.com/gmat/forums/most-states-impose-limitations-on-the-authority-of-the-legis-t25914.html
https://www.manhattanprep.com/gmat/forums/gmat-prep-she-was-less-successful-after-t9832.html
https://www.manhattanprep.com/gmat/forums/why-d-is-wrong-t23396.html
https://www.manhattanprep.com/gmat/forums/cr-technological-improvements-and-reduced-equipment-costs-t7885.html
https://www.manhattanprep.com/gmat/forums/sc-despite-the-growing-number-t6715.html
https://www.manhattanprep.com/gmat/forums/a-prep-sc-question-single-locusts-are-quiet-creatures-t30524.html
https://www.manhattanprep.com/gmat/forums/general-availability-of-high-quality-electronic-scanners-t8440.html
https://www.manhattanprep.com/gmat/forums/gmatprep-question-need-help-t1864.html
https://www.manhattanprep.com/gmat/forums/in-kravonia-the-average-salary-for-jobs-requiring-a-college-t10813.html
https://www.manhattanprep.com/gmat/forums/so-dogged-were-frances-perkins-t11448.html
https://www.manhattanprep.com/gmat/forums/gmatprep-cr-archaeologists-in-michigan-t4405.html
https://www.manhattanprep.com/gmat/forums/gmat-prep-verbal-sentence-correction-t11179.html
https://www.manhattanprep.com/gmat/forums/gmat-prep-verbal-sentence-correction-t30318.html
https://www.manhattanprep.com/gmat/forums/pronoun-issues-t10114.html
https://www.manhattanprep.com/gmat/forums/according-to-the-tristate-transportation-authority-making-t6915.html
https://www.manhattanprep.com/gmat/forums/prep12-12-shliapentokh-s-study-indicated-that-t33851.html
https://www.manhattanprep.com/gmat/forums/very-overweight-people-t10757.html
https://www.manhattanprep.com/gmat/forums/not-one-of-the-potential-investors-t33843.html
https://www.manhattanprep.com/gmat/forums/rc-answer-key-required-t9271.html
https://www.manhattanprep.com/gmat/forums/although-beavers-can-still-be-found-throughout-the-t15923.html
https://www.manhattanprep.com/gmat/forums/it-is-unclear-whether-chimpanzees-are-unique-among-nonhuman-t31820.html
https://www.manhattanprep.com/gmat/forums/unlike-using-spices-for-cooking-in-medicinal-usage-t1062.html
forumurl
https://www.manhattanprep.com/gmat/forums/read-before-you-post-gmatprep-verbal-guidelines-t2720.html
https://www.manhattanprep.com/gmat/forums/responding-to-the-publica-s-fascination-with-and-sometimes-t24834.html
https://www.manhattanprep.com/gmat/forums/a-certain-tropical-island-received-food-donations-in-the-for-t33973.html
https://www.manhattanprep.com/gmat/forums/in-1981-children-in-the-united-states-t4406.html
https://www.manhattanprep.com/gmat/forums/some-patients-who-do-not-respond-t4380.html
https://www.manhattanprep.com/gmat/forums/the-usage-of-whose-t14144.html
https://www.manhattanprep.com/gmat/forums/scientists-have-found-signs-that-moving-water-changed-t30614.html
https://www.manhattanprep.com/gmat/forums/when-drive-ins-were-at-the-height-of-their-popularity-in-the-t6550.html
https://www.manhattanprep.com/gmat/forums/tqm-rc-t10228.html
https://www.manhattanprep.com/gmat/forums/the-computer-company-has-announced-that-it-will-purchase-the-t2673.html
https://www.manhattanprep.com/gmat/forums/the-federal-rules-aimed-at-protecting-human-subjects-of-t1127.html
https://www.manhattanprep.com/gmat/forums/thcontinental-united-states-receives-an-average-of-30-inches-t2029.html
https://www.manhattanprep.com/gmat/forums/hans-christian-andersen-wrote-fairy-tales-t7444.html
https://www.manhattanprep.com/gmat/forums/usage-of-in-that-their-t33936.html
https://www.manhattanprep.com/gmat/forums/gmat-prep-test-2-t10267.html
https://www.manhattanprep.com/gmat/forums/reading-the-general-density-dependence-model-can-be-t2215.html
https://www.manhattanprep.com/gmat/forums/about-the-majority-t33907.html
https://www.manhattanprep.com/gmat/forums/paleontologist-stephen-jay-gould-has-argued-t33896.html
https://www.manhattanprep.com/gmat/forums/in-the-major-cities-of-industrialized-countries-at-the-end-t1153.html
https://www.manhattanprep.com/gmat/forums/he-is-one-of-the-tallest-players-who-have-has-t33929.html
https://www.manhattanprep.com/gmat/forums/stock-levels-for-domestic-crude-oil-are-far-lower-t2141.html
https://www.manhattanprep.com/gmat/forums/results-of-a-united-states-study-published-in-the-t33903.html
https://www.manhattanprep.com/gmat/forums/so-that-such-that-so-as-to-t13833.html
https://www.manhattanprep.com/gmat/forums/fraternal-twins-t5900.html
https://www.manhattanprep.com/gmat/forums/on-account-of-a-law-passed-in-1993-making-it-a-crime-punish-t3096.html
https://www.manhattanprep.com/gmat/forums/the-environmental-protection-agency-frequently-puts-t2469.html
https://www.manhattanprep.com/gmat/forums/simply-because-they-are-genetically-engineered-does-not-make-t641.html
https://www.manhattanprep.com/gmat/forums/india-like-italy-and-china-has-no-single-dominant-cuisine-t30679.html
https://www.manhattanprep.com/gmat/forums/the-proliferation-of-so-called-cybersquatters-people-who-re-t1902.html
https://www.manhattanprep.com/gmat/forums/a-question-of-helping-verb-t33899.html
https://www.manhattanprep.com/gmat/forums/most-states-impose-limitations-on-the-authority-of-the-legis-t25914.html
https://www.manhattanprep.com/gmat/forums/gmat-prep-she-was-less-successful-after-t9832.html
https://www.manhattanprep.com/gmat/forums/why-d-is-wrong-t23396.html
https://www.manhattanprep.com/gmat/forums/cr-technological-improvements-and-reduced-equipment-costs-t7885.html
https://www.manhattanprep.com/gmat/forums/sc-despite-the-growing-number-t6715.html
https://www.manhattanprep.com/gmat/forums/a-prep-sc-question-single-locusts-are-quiet-creatures-t30524.html
https://www.manhattanprep.com/gmat/forums/general-availability-of-high-quality-electronic-scanners-t8440.html
https://www.manhattanprep.com/gmat/forums/gmatprep-question-need-help-t1864.html
https://www.manhattanprep.com/gmat/forums/in-kravonia-the-average-salary-for-jobs-requiring-a-college-t10813.html
https://www.manhattanprep.com/gmat/forums/so-dogged-were-frances-perkins-t11448.html
https://www.manhattanprep.com/gmat/forums/gmatprep-cr-archaeologists-in-michigan-t4405.html
https://www.manhattanprep.com/gmat/forums/gmat-prep-verbal-sentence-correction-t11179.html
https://www.manhattanprep.com/gmat/forums/gmat-prep-verbal-sentence-correction-t30318.html
https://www.manhattanprep.com/gmat/forums/pronoun-issues-t10114.html
https://www.manhattanprep.com/gmat/forums/according-to-the-tristate-transportation-authority-making-t6915.html
https://www.manhattanprep.com/gmat/forums/prep12-12-shliapentokh-s-study-indicated-that-t33851.html
https://www.manhattanprep.com/gmat/forums/very-overweight-people-t10757.html
https://www.manhattanprep.com/gmat/forums/not-one-of-the-potential-investors-t33843.html
https://www.manhattanprep.com/gmat/forums/rc-answer-key-required-t9271.html
https://www.manhattanprep.com/gmat/forums/although-beavers-can-still-be-found-throughout-the-t15923.html
